fid,id,ZONE,BGC,BGC_analysis,xcoord,ycoord,elevation_1
358,5,CDF,CDFmm,CDFmm,-124.3671649,49.49432014,31
385,0,CDF,CDFmm,CDFmm,-124.4164599,49.62305222,148
386,2,CDF,CDFmm,CDFmm,-124.5136956,49.7102104,105
387,3,CDF,CDFmm,CDFmm,-124.6042709,49.73343649,217
388,9,CDF,CDFmm,CDFmm,-124.6083982,49.79540055,58
389,17,CDF,CDFmm,CDFmm,-124.4622268,49.66229685,72
390,18,CDF,CDFmm,CDFmm,-124.143908,49.49650491,81
391,19,CDF,CDFmm,CDFmm,-124.2470933,49.55139297,187
392,21,CDF,CDFmm,CDFmm,-124.3209248,49.57235993,27
413,4,CDF,CDFmm,CDFmm,-124.6203478,49.90787332,60
414,8,CDF,CDFmm,CDFmm,-124.5406017,49.86412097,121
415,13,CDF,CDFmm,CDFmm,-124.7405907,49.97887528,105
416,14,CDF,CDFmm,CDFmm,-124.5012559,49.79813664,24
417,15,CDF,CDFmm,CDFmm,-124.6872535,49.94101883,139
459,7,CDF,CDFmm,CDFmm,-123.8776768,49.49085193,175
460,10,CDF,CDFmm,CDFmm,-123.9449694,49.52913403,99
462,6,CDF,CDFmm,CDFmm,-124.2708838,49.48085421,101
463,12,CDF,CDFmm,CDFmm,-124.1922223,49.45487506,98
464,16,CDF,CDFmm,CDFmm,-124.943998,49.98572398,38
465,20,CDF,CDFmm,CDFmm,-124.6719118,49.85966842,32
467,1,CDF,CDFmm,CDFmm,-123.9778252,49.47171072,17
468,11,CDF,CDFmm,CDFmm,-124.8159237,49.93757752,39
35,75,CWH,CWHdm,CWHdm,-123.3128672,49.58276206,31
36,73,CWH,CWHdm,CWHdm,-124.5216842,50.43942698,237
37,74,CWH,CWHdm,CWHdm,-124.5233608,50.02183173,55
38,76,CWH,CWHdm,CWHdm,-124.4474345,49.89774396,396
39,77,CWH,CWHdm,CWHdm,-124.0975416,49.90182767,310
40,81,CWH,CWHdm,CWHdm,-124.5258853,49.93562421,83
41,82,CWH,CWHdm,CWHdm,-123.7627102,50.12430927,598
42,83,CWH,CWHdm,CWHdm,-124.8894559,50.38884636,86
43,85,CWH,CWHdm,CWHdm,-124.3485516,50.06435709,55
44,87,CWH,CWHdm,CWHdm,-124.5559983,50.13358578,185
45,88,CWH,CWHdm,CWHdm,-124.4605336,50.06563447,168
46,89,CWH,CWHdm,CWHdm,-123.9832468,49.91286818,375
47,90,CWH,CWHdm,CWHdm,-124.3511911,50.12603589,298
48,92,CWH,CWHdm,CWHdm,-124.3831288,50.01847844,55
49,94,CWH,CWHdm,CWHdm,-124.7277935,50.36881744,285
50,95,CWH,CWHdm,CWHdm,-124.6117512,50.17061352,334
51,96,CWH,CWHdm,CWHdm,-124.6535706,50.10551867,258
52,98,CWH,CWHdm,CWHdm,-124.3342648,50.54599793,416
53,100,CWH,CWHdm,CWHdm,-124.8194479,50.59907032,117
54,101,CWH,CWHdm,CWHdm,-124.1510006,49.78698402,361
55,102,CWH,CWHdm,CWHdm,-123.8817423,50.13555945,620
56,103,CWH,CWHdm,CWHdm,-124.4273444,49.84527483,228
57,104,CWH,CWHdm,CWHdm,-123.9406328,49.99189353,387
58,105,CWH,CWHdm,CWHdm,-124.2807667,49.95700967,460
59,107,CWH,CWHdm,CWHdm,-124.1225445,49.85182671,643
60,110,CWH,CWHdm,CWHdm,-124.4231063,49.96538824,209
61,112,CWH,CWHdm,CWHdm,-125.0514296,50.39069625,236
62,113,CWH,CWHdm,CWHdm,-124.2386842,49.82389578,342
63,115,CWH,CWHdm,CWHdm,-123.8784445,50.05506398,549
64,116,CWH,CWHdm,CWHdm,-124.3880826,50.17885105,55
65,118,CWH,CWHdm,CWHdm,-124.5993601,50.22084774,304
66,119,CWH,CWHdm,CWHdm,-124.6788162,50.01103765,333
67,120,CWH,CWHdm,CWHdm,-124.2889142,50.23403191,439
68,121,CWH,CWHdm,CWHdm,-124.0910787,49.95857967,473
74,78,CWH,CWHdm,CWHdm,-123.6371056,49.4536146,303
75,86,CWH,CWHdm,CWHdm,-123.5171472,49.74116276,112
76,99,CWH,CWHdm,CWHdm,-123.7417981,49.54569552,294
77,108,CWH,CWHdm,CWHdm,-123.6355804,49.67568831,628
359,93,CWH,CWHdm,CWHdm,-124.8674964,50.25556639,495
360,111,CWH,CWHdm,CWHdm,-124.9216871,50.3026357,150
364,106,CWH,CWHdm,CWHdm,-124.7963504,50.25250084,116
365,114,CWH,CWHdm,CWHdm,-124.7090144,50.25348271,55
376,72,CWH,CWHdm,CWHdm,-123.9743499,49.70272903,12
377,80,CWH,CWHdm,CWHdm,-123.8353949,49.55512257,368
378,117,CWH,CWHdm,CWHdm,-123.9509497,49.75613747,118
381,109,CWH,CWHdm,CWHdm,-124.9999668,50.56638068,419
395,79,CWH,CWHdm,CWHdm,-123.8924999,49.80600345,562
396,97,CWH,CWHdm,CWHdm,-123.7296627,49.78483359,82
399,84,CWH,CWHdm,CWHdm,-124.1041659,49.70930294,126
444,91,CWH,CWHdm,CWHdm,-123.3885119,49.48483093,358
69,123,CWH,CWHds1,CWHds1,-124.1298598,50.55737277,426
70,138,CWH,CWHds1,CWHds1,-124.0335424,50.60404066,45
71,140,CWH,CWHds1,CWHds1,-123.9720097,50.6627616,99
72,147,CWH,CWHds1,CWHds1,-124.1916619,50.60773889,151
73,148,CWH,CWHds1,CWHds1,-124.0579621,50.55040996,500
121,122,CWH,CWHds1,CWHds1,-124.5883942,50.83049584,585
122,124,CWH,CWHds1,CWHds1,-124.3608262,50.97940421,231
123,125,CWH,CWHds1,CWHds1,-124.7202405,50.85579299,508
124,126,CWH,CWHds1,CWHds1,-124.9648235,51.00005722,254
125,127,CWH,CWHds1,CWHds1,-125.0248338,51.10046638,54
126,128,CWH,CWHds1,CWHds1,-125.0921294,51.04904158,428
127,129,CWH,CWHds1,CWHds1,-124.9531801,51.22810783,596
128,130,CWH,CWHds1,CWHds1,-124.4182918,50.90925707,400
129,131,CWH,CWHds1,CWHds1,-124.8525784,50.96753099,706
130,132,CWH,CWHds1,CWHds1,-124.9970968,51.19173886,114
131,133,CWH,CWHds1,CWHds1,-124.7808722,50.91992498,847
132,134,CWH,CWHds1,CWHds1,-125.0014435,50.80533175,450
133,135,CWH,CWHds1,CWHds1,-124.8976046,51.06209772,147
134,136,CWH,CWHds1,CWHds1,-124.9109977,50.7859545,70
135,137,CWH,CWHds1,CWHds1,-124.8202362,50.86656018,627
136,139,CWH,CWHds1,CWHds1,-124.9321466,50.93038703,460
137,141,CWH,CWHds1,CWHds1,-124.8164583,50.72167167,713
138,142,CWH,CWHds1,CWHds1,-124.6405224,50.90761009,692
139,143,CWH,CWHds1,CWHds1,-124.8961549,50.87643046,283
140,144,CWH,CWHds1,CWHds1,-124.4888943,50.8542136,339
141,145,CWH,CWHds1,CWHds1,-124.831437,50.76723502,610
142,146,CWH,CWHds1,CWHds1,-125.0758322,51.16891609,360
143,149,CWH,CWHds1,CWHds1,-124.9742424,51.05974771,27
144,150,CWH,CWHds1,CWHds1,-124.2858965,50.99562006,362
145,151,CWH,CWHds1,CWHds1,-125.0113289,51.26033872,708
146,152,CWH,CWHds1,CWHds1,-124.9425467,50.83568457,72
147,153,CWH,CWHds1,CWHds1,-124.1897268,50.96663884,560
148,154,CWH,CWHds1,CWHds1,-124.8623456,50.82148447,205
194,164,CWH,CWHms1,CWHms1_hi,-124.4350108,50.96843635,1144
193,162,CWH,CWHms1,CWHms1_hi,-123.9722448,50.89408508,1142
230,190,CWH,CWHms1,CWHms1_hi,-125.0123485,50.86751716,1125
197,167,CWH,CWHms1,CWHms1_hi,-124.1630361,50.93693884,1103
200,175,CWH,CWHms1,CWHms1_hi,-124.3208742,50.97373679,1103
202,177,CWH,CWHms1,CWHms1_hi,-124.3013501,51.08660847,1103
203,178,CWH,CWHms1,CWHms1_hi,-124.9995407,51.15391039,1093
191,157,CWH,CWHms1,CWHms1_hi,-124.3355718,51.02144953,1064
102,185,CWH,CWHms1,CWHms1_hi,-124.1560756,50.59696943,1057
211,194,CWH,CWHms1,CWHms1_hi,-124.7052717,50.7986364,1055
198,168,CWH,CWHms1,CWHms1_hi,-124.6210192,50.83840953,1014
212,195,CWH,CWHms1,CWHms1_hi,-124.7237506,50.8509607,1009
225,169,CWH,CWHms1,CWHms1_hi,-125.1877615,51.02991045,1003
231,196,CWH,CWHms1,CWHms1_hi,-125.0420983,50.79683212,993
235,202,CWH,CWHms1,CWHms1_hi,-125.0344262,51.20880131,984
213,203,CWH,CWHms1,CWHms1_hi,-124.6556543,50.9056485,983
215,205,CWH,CWHms1,CWHms1_hi,-124.7855768,50.94929482,978
204,179,CWH,CWHms1,CWHms1_hi,-124.0678073,50.90960488,973
195,165,CWH,CWHms1,CWHms1_hi,-124.9570057,51.21599482,961
196,166,CWH,CWHms1,CWHms1_hi,-124.8792516,50.96817116,961
104,197,CWH,CWHms1,CWHms1_hi,-124.2242624,50.77786301,959
205,182,CWH,CWHms1,CWHms1_hi,-124.1399322,50.89005051,959
233,200,CWH,CWHms1,CWHms1_hi,-125.0727039,51.02859414,952
189,174,CWH,CWHms1,CWHms1_hi,-124.6608526,50.71636644,938
209,192,CWH,CWHms1,CWHms1_hi,-124.4500847,50.80542251,930
226,172,CWH,CWHms1,CWHms1_hi,-125.179316,50.89761845,914
206,184,CWH,CWHms1,CWHms1_hi,-124.7826143,50.7494515,908
228,186,CWH,CWHms1,CWHms1_lo,-124.9388685,50.86281421,896
101,181,CWH,CWHms1,CWHms1_lo,-124.1198539,50.54938711,892
229,189,CWH,CWHms1,CWHms1_lo,-125.2172947,51.24004554,887
207,187,CWH,CWHms1,CWHms1_lo,-124.8828495,50.79944579,882
210,193,CWH,CWHms1,CWHms1_lo,-124.5699348,50.87339889,872
224,163,CWH,CWHms1,CWHms1_lo,-125.0141237,51.06409041,858
103,191,CWH,CWHms1,CWHms1_lo,-123.9964009,50.70620805,850
192,158,CWH,CWHms1,CWHms1_lo,-124.8725211,51.13032818,843
234,201,CWH,CWHms1,CWHms1_lo,-125.1091653,50.91055324,842
100,180,CWH,CWHms1,CWHms1_lo,-124.0030177,50.65980028,826
99,173,CWH,CWHms1,CWHms1_lo,-123.8798614,50.63806056,818
223,160,CWH,CWHms1,CWHms1_lo,-125.0516401,51.11701941,815
214,204,CWH,CWHms1,CWHms1_lo,-124.8613264,51.02918946,774
190,199,CWH,CWHms1,CWHms1_lo,-124.5798371,50.69074145,746
227,183,CWH,CWHms1,CWHms1_lo,-125.1431837,51.20248386,738
199,170,CWH,CWHms1,CWHms1_lo,-124.4449045,50.86023051,687
208,188,CWH,CWHms1,CWHms1_lo,-124.9063903,51.08914562,660
222,159,CWH,CWHms1,CWHms1_lo,-125.016039,50.98550514,628
98,171,CWH,CWHms1,CWHms1_lo,-124.2403554,50.62033696,595
232,198,CWH,CWHms1,CWHms1_lo,-125.1248416,51.12711986,520
97,161,CWH,CWHms1,CWHms1_lo,-124.2029146,50.73396391,450
201,176,CWH,CWHms1,CWHms1_lo,-124.7603093,50.99269228,347
96,156,CWH,CWHms1,CWHms1_lo,-124.2245662,50.68648745,250
354,253,CWH,CWHvm1,CWHvm1_N,-124.9711799,50.76873261,637
353,245,CWH,CWHvm1,CWHvm1_N,-124.9096793,50.73488548,402
115,240,CWH,CWHvm1,CWHvm1_N,-124.7102179,50.68663043,677
113,236,CWH,CWHvm1,CWHvm1_N,-124.8052199,50.66208372,534
352,233,CWH,CWHvm1,CWHvm1_N,-124.9228231,50.63668277,765
116,244,CWH,CWHvm1,CWHvm1_N,-124.7847224,50.61182019,540
120,252,CWH,CWHvm1,CWHvm1_N,-124.349383,50.59439619,599
117,247,CWH,CWHvm1,CWHvm1_N,-124.8560273,50.58645132,453
351,217,CWH,CWHvm1,CWHvm1_N,-125.073539,50.57250883,682
108,208,CWH,CWHvm1,CWHvm1_N,-124.4670126,50.53911409,150
114,239,CWH,CWHvm1,CWHvm1_N,-124.6463924,50.53192476,386
110,229,CWH,CWHvm1,CWHvm1_N,-124.9006568,50.50907754,573
118,249,CWH,CWHvm1,CWHvm1_N,-124.7074908,50.5039375,589
107,246,CWH,CWHvm1,CWHvm1_N,-124.3315968,50.49495211,557
119,251,CWH,CWHvm1,CWHvm1_N,-124.9823739,50.49268625,411
109,227,CWH,CWHvm1,CWHvm1_N,-124.4139109,50.48009129,534
111,230,CWH,CWHvm1,CWHvm1_N,-124.7951165,50.45746248,603
105,214,CWH,CWHvm1,CWHvm1_N,-124.0286113,50.4537388,342
112,235,CWH,CWHvm1,CWHvm1_N,-124.5462049,50.44356389,523
106,220,CWH,CWHvm1,CWHvm1_N,-124.0924194,50.41810327,466
422,231,CWH,CWHvm1,CWHvm1_N,-125.0535208,50.40967286,475
423,250,CWH,CWHvm1,CWHvm1_S,-124.984308,50.37736155,519
93,238,CWH,CWHvm1,CWHvm1_S,-124.2831412,50.3560395,332
95,255,CWH,CWHvm1,CWHvm1_S,-124.4172297,50.33873964,255
89,224,CWH,CWHvm1,CWHvm1_S,-124.0741275,50.31115388,543
92,210,CWH,CWHvm1,CWHvm1_S,-124.2836788,50.30852419,256
90,228,CWH,CWHvm1,CWHvm1_S,-124.006282,50.26283238,549
94,243,CWH,CWHvm1,CWHvm1_S,-124.4052585,50.25751885,315
88,219,CWH,CWHvm1,CWHvm1_S,-123.941418,50.24453822,404
91,242,CWH,CWHvm1,CWHvm1_S,-124.014327,50.21813154,317
87,232,CWH,CWHvm1,CWHvm1_S,-124.2115247,50.19203942,293
345,254,CWH,CWHvm1,CWHvm1_S,-124.7954822,50.17768098,478
85,213,CWH,CWHvm1,CWHvm1_S,-123.7947977,50.15348073,492
346,218,CWH,CWHvm1,CWHvm1_S,-123.6797222,50.1175603,227
86,223,CWH,CWHvm1,CWHvm1_S,-124.2107419,50.1119466,119
84,212,CWH,CWHvm1,CWHvm1_S,-124.0847402,50.10129608,333
343,216,CWH,CWHvm1,CWHvm1_S,-123.7397625,50.06584426,473
83,206,CWH,CWHvm1,CWHvm1_S,-124.0779913,50.05475272,367
344,234,CWH,CWHvm1,CWHvm1_S,-123.6772648,50.02431004,451
398,211,CWH,CWHvm1,CWHvm1_S,-123.7194117,49.95676183,443
394,226,CWH,CWHvm1,CWHvm1_S,-123.6823063,49.84333402,216
341,209,CWH,CWHvm1,CWHvm1_S,-123.3845581,49.81625097,574
340,215,CWH,CWHvm1,CWHvm1_S,-123.5504649,49.77495535,514
342,241,CWH,CWHvm1,CWHvm1_S,-123.3764859,49.76397692,412
339,225,CWH,CWHvm1,CWHvm1_S,-123.5932168,49.71696225,602
82,248,CWH,CWHvm1,CWHvm1_S,-123.5241592,49.61429855,541
79,221,CWH,CWHvm1,CWHvm1_S,-123.3169468,49.59537605,278
80,207,CWH,CWHvm1,CWHvm1_S,-123.4015765,49.58799461,169
81,222,CWH,CWHvm1,CWHvm1_S,-123.4781514,49.53943348,450
78,237,CWH,CWHvm1,CWHvm1_S,-123.6388941,49.53449105,568
219,305,CWH,CWHvm2,CWHvm2_N,-125.0211583,50.7561666,949
216,291,CWH,CWHvm2,CWHvm2_N,-124.7864773,50.68519891,1192
185,261,CWH,CWHvm2,CWHvm2_N,-124.4653068,50.62145329,954
217,273,CWH,CWHvm2,CWHvm2_N,-124.9579595,50.61644046,596
218,276,CWH,CWHvm2,CWHvm2_N,-125.1119696,50.60573835,885
186,271,CWH,CWHvm2,CWHvm2_N,-124.3944082,50.57463641,832
184,292,CWH,CWHvm2,CWHvm2_N,-124.3028896,50.56272561,946
187,281,CWH,CWHvm2,CWHvm2_N,-124.6355756,50.5496491,963
188,288,CWH,CWHvm2,CWHvm2_N,-124.8213965,50.54491174,664
183,277,CWH,CWHvm2,CWHvm2_N,-124.2120392,50.53223169,730
175,290,CWH,CWHvm2,CWHvm2_N,-124.1837364,50.44357008,724
182,301,CWH,CWHvm2,CWHvm2_N,-124.067563,50.40710215,1128
162,269,CWH,CWHvm2,CWHvm2_S,-123.976841,50.37733919,745
179,296,CWH,CWHvm2,CWHvm2_S,-124.4303411,50.34734524,763
160,266,CWH,CWHvm2,CWHvm2_S,-124.01496,50.32296357,718
156,262,CWH,CWHvm2,CWHvm2_S,-124.1820084,50.19536739,446
168,280,CWH,CWHvm2,CWHvm2_S,-124.3334779,50.14966795,623
169,282,CWH,CWHvm2,CWHvm2_S,-124.4250459,50.13292246,861
170,283,CWH,CWHvm2,CWHvm2_S,-123.6365473,50.12821405,1018
181,299,CWH,CWHvm2,CWHvm2_S,-124.054062,50.10910223,951
428,302,CWH,CWHvm2,CWHvm2_S,-124.6836862,50.05108256,802
157,263,CWH,CWHvm2,CWHvm2_S,-123.9206253,50.03643184,619
171,284,CWH,CWHvm2,CWHvm2_S,-123.7498822,50.03538096,743
164,274,CWH,CWHvm2,CWHvm2_S,-123.997665,50.02596993,792
178,295,CWH,CWHvm2,CWHvm2_S,-124.1608619,50.01969129,980
167,279,CWH,CWHvm2,CWHvm2_S,-124.2476532,49.99931388,807
426,297,CWH,CWHvm2,CWHvm2_S,-124.3649324,49.9807117,784
173,286,CWH,CWHvm2,CWHvm2_S,-123.652054,49.93862809,830
421,256,CWH,CWHvm2,CWHvm2_S,-124.4457187,49.93080831,690
172,285,CWH,CWHvm2,CWHvm2_S,-123.9168021,49.92664973,662
350,289,CWH,CWHvm2,CWHvm2_S,-124.0788564,49.88696294,722
159,265,CWH,CWHvm2,CWHvm2_S,-123.6049799,49.87763343,1130
427,303,CWH,CWHvm2,CWHvm2_S,-124.359145,49.85643281,717
420,300,CWH,CWHvm2,CWHvm2_S,-123.9835529,49.85569185,582
166,278,CWH,CWHvm2,CWHvm2_S,-123.4025709,49.84739765,763
158,264,CWH,CWHvm2,CWHvm2_S,-123.5023174,49.84690416,983
176,293,CWH,CWHvm2,CWHvm2_S,-123.7391353,49.83233035,1010
155,259,CWH,CWHvm2,CWHvm2_S,-123.6677858,49.81886017,869
153,257,CWH,CWHvm2,CWHvm2_S,-123.83949,49.80933202,838
161,267,CWH,CWHvm2,CWHvm2_S,-123.7566359,49.78534491,929
180,298,CWH,CWHvm2,CWHvm2_S,-123.6092141,49.74923023,693
177,294,CWH,CWHvm2,CWHvm2_S,-123.391826,49.74455676,835
174,287,CWH,CWHvm2,CWHvm2_S,-123.8341227,49.70504041,605
154,258,CWH,CWHvm2,CWHvm2_S,-123.738929,49.6975725,1057
163,272,CWH,CWHvm2,CWHvm2_S,-123.605314,49.69553734,723
425,268,CWH,CWHvm2,CWHvm2_S,-123.9033879,49.65471585,1063
165,275,CWH,CWHvm2,CWHvm2_S,-123.3793085,49.60870989,946
347,260,CWH,CWHvm2,CWHvm2_S,-123.5929403,49.58783955,980
349,304,CWH,CWHvm2,CWHvm2_S,-123.7058656,49.5807027,779
348,270,CWH,CWHvm2,CWHvm2_S,-123.5197401,49.45423383,729
366,310,CWH,CWHxm1,CWHxm1,-124.7619027,49.98955121,77
367,317,CWH,CWHxm1,CWHxm1,-124.4958915,49.87006724,208
368,319,CWH,CWHxm1,CWHxm1,-124.3743827,49.80406819,136
369,329,CWH,CWHxm1,CWHxm1,-124.4637917,49.82411662,147
370,332,CWH,CWHxm1,CWHxm1,-124.5591281,49.93340441,196
371,334,CWH,CWHxm1,CWHxm1,-124.6599984,49.95895842,97
372,335,CWH,CWHxm1,CWHxm1,-124.7802468,50.0421413,39
373,341,CWH,CWHxm1,CWHxm1,-124.3021198,49.78059882,165
374,349,CWH,CWHxm1,CWHxm1,-124.1939062,49.79198065,190
375,351,CWH,CWHxm1,CWHxm1,-124.7073094,50.02791206,210
382,307,CWH,CWHxm1,CWHxm1,-124.1668932,49.70234512,113
383,345,CWH,CWHxm1,CWHxm1,-124.1157065,49.65951824,64
384,343,CWH,CWHxm1,CWHxm1,-124.8433295,50.13371488,157
393,328,CWH,CWHxm1,CWHxm1,-124.7220277,50.07360359,110
397,346,CWH,CWHxm1,CWHxm1,-123.2918098,49.53739728,43
400,321,CWH,CWHxm1,CWHxm1,-124.9013949,50.07146593,92
401,324,CWH,CWHxm1,CWHxm1,-124.9601863,50.12208962,135
402,327,CWH,CWHxm1,CWHxm1,-124.9912915,50.03115547,66
403,331,CWH,CWHxm1,CWHxm1,-124.9967872,50.1638544,83
404,338,CWH,CWHxm1,CWHxm1,-125.0637156,50.11551772,61
405,347,CWH,CWHxm1,CWHxm1,-125.1086562,50.15261262,69
406,308,CWH,CWHxm1,CWHxm1,-124.3161635,49.60286398,577
407,314,CWH,CWHxm1,CWHxm1,-124.3592458,49.6454008,388
408,315,CWH,CWHxm1,CWHxm1,-124.4409433,49.67968395,208
409,316,CWH,CWHxm1,CWHxm1,-124.3672504,49.69678721,228
410,318,CWH,CWHxm1,CWHxm1,-124.2073446,49.56830293,234
411,322,CWH,CWHxm1,CWHxm1,-124.1534744,49.53022282,236
412,342,CWH,CWHxm1,CWHxm1,-124.4854448,49.72878836,228
431,306,CWH,CWHxm1,CWHxm1,-123.8927868,49.5393136,306
432,309,CWH,CWHxm1,CWHxm1,-124.0497749,49.64230002,88
433,312,CWH,CWHxm1,CWHxm1,-123.9644151,49.59072435,222
434,313,CWH,CWHxm1,CWHxm1,-123.7174397,49.44682542,56
435,320,CWH,CWHxm1,CWHxm1,-123.52876,49.40440064,127
436,323,CWH,CWHxm1,CWHxm1,-123.7670447,49.48351862,45
437,326,CWH,CWHxm1,CWHxm1,-124.0462095,49.70000941,254
438,333,CWH,CWHxm1,CWHxm1,-123.8346502,49.49821627,235
439,337,CWH,CWHxm1,CWHxm1,-123.6274994,49.43078089,124
440,339,CWH,CWHxm1,CWHxm1,-123.7827766,49.59637684,110
441,340,CWH,CWHxm1,CWHxm1,-123.9657831,49.64988978,95
442,348,CWH,CWHxm1,CWHxm1,-123.738272,49.54114891,197
443,350,CWH,CWHxm1,CWHxm1,-123.4932839,49.4430754,109
445,336,CWH,CWHxm1,CWHxm1,-123.389538,49.47427141,112
456,325,CWH,CWHxm1,CWHxm1,-123.4642506,49.36844385,56
457,352,CWH,CWHxm1,CWHxm1,-124.6930136,50.13620092,106
458,311,CWH,CWHxm1,CWHxm1,-124.7673144,50.10993529,60
461,330,CWH,CWHxm1,CWHxm1,-124.1906016,49.74527395,51
466,344,CWH,CWHxm1,CWHxm1,-125.0561171,50.07034007,65
357,357,CWH,CWHxm2,CWHxm2,-125.0361409,50.25909481,96
361,353,CWH,CWHxm2,CWHxm2,-125.1450699,50.26173761,92
362,355,CWH,CWHxm2,CWHxm2,-125.1287062,50.30879698,346
363,358,CWH,CWHxm2,CWHxm2,-125.1971035,50.29862899,176
379,354,CWH,CWHxm2,CWHxm2,-125.1025985,50.15976002,26
380,356,CWH,CWHxm2,CWHxm2,-125.069055,50.21187957,118
220,363,ESSF,ESSFmw,ESSFmw,-124.4109739,51.01817386,1438
221,362,ESSF,ESSFmw,ESSFmw,-124.3476228,51.09845716,1277
236,359,ESSF,ESSFmw,ESSFmw,-125.1501244,51.22858404,1290
300,361,ESSF,ESSFmw,ESSFmw,-124.1443118,50.96985254,1488
301,360,ESSF,ESSFmw,ESSFmw,-124.0311927,50.92359743,1481
312,364,ESSF,ESSFmw,ESSFmw,-124.2968508,51.01015829,1600
313,365,ESSF,ESSFmw,ESSFmw,-124.211641,51.00674423,1367
284,416,MH,MHmm1,MHmm1_lo,-124.9258139,50.42151257,867
244,368,MH,MHmm1,MHmm1_lo,-124.165971,50.39764538,928
356,406,MH,MHmm1,MHmm1_lo,-123.5557385,49.46440972,931
282,398,MH,MHmm1,MHmm1_lo,-124.7839847,50.54180411,948
263,401,MH,MHmm1,MHmm1_lo,-124.1210214,49.94257088,972
258,392,MH,MHmm1,MHmm1_lo,-124.1826603,49.87957563,975
429,382,MH,MHmm1,MHmm1_lo,-124.9346692,50.34340931,992
273,400,MH,MHmm1,MHmm1_lo,-124.4418428,50.53729579,993
430,396,MH,MHmm1,MHmm1_lo,-124.8632335,50.3542961,1014
251,379,MH,MHmm1,MHmm1_lo,-124.1005624,50.36479775,1068
449,407,MH,MHmm1,MHmm1_lo,-124.4464119,50.1485983,1078
266,408,MH,MHmm1,MHmm1_lo,-123.5762767,49.82326993,1083
262,399,MH,MHmm1,MHmm1_lo,-124.2890935,50.2478723,1084
446,404,MH,MHmm1,MHmm1_lo,-123.4864884,49.61559168,1105
328,374,MH,MHmm1,MHmm1_lo,-125.0502264,50.64227112,1116
267,410,MH,MHmm1,MHmm1_lo,-124.2045854,50.48673647,1134
280,391,MH,MHmm1,MHmm1_lo,-124.5649868,50.48537953,1135
271,414,MH,MHmm1,MHmm1_lo,-124.1632216,50.26016385,1141
268,411,MH,MHmm1,MHmm1_lo,-123.7208232,49.69416538,1150
248,376,MH,MHmm1,MHmm1_hi,-123.422754,49.72210571,1153
276,375,MH,MHmm1,MHmm1_hi,-124.8408214,50.42220213,1157
255,386,MH,MHmm1,MHmm1_hi,-123.8716482,50.12269352,1168
252,380,MH,MHmm1,MHmm1_hi,-124.2671005,50.11917774,1180
257,390,MH,MHmm1,MHmm1_hi,-124.3875545,50.41723444,1194
245,370,MH,MHmm1,MHmm1_hi,-123.7735992,49.97467266,1200
281,393,MH,MHmm1,MHmm1_hi,-124.7474317,50.60603372,1205
249,377,MH,MHmm1,MHmm1_hi,-124.2045972,50.03625855,1208
277,383,MH,MHmm1,MHmm1_hi,-124.7323576,50.44082116,1218
272,417,MH,MHmm1,MHmm1_hi,-123.6535198,49.91740548,1221
261,397,MH,MHmm1,MHmm1_hi,-123.3661422,49.62932375,1225
265,405,MH,MHmm1,MHmm1_hi,-124.1741191,49.98014151,1243
260,395,MH,MHmm1,MHmm1_hi,-123.9993489,50.13790773,1246
269,412,MH,MHmm1,MHmm1_hi,-124.2496387,50.41040255,1250
270,413,MH,MHmm1,MHmm1_hi,-123.3246672,49.75303162,1261
424,369,MH,MHmm1,MHmm1_hi,-123.5621992,49.63232392,1279
448,403,MH,MHmm1,MHmm1_hi,-124.6273394,50.31100986,1295
447,381,MH,MHmm1,MHmm1_hi,-124.52533,50.21562672,1297
250,378,MH,MHmm1,MHmm1_hi,-124.0322237,50.08331484,1320
278,387,MH,MHmm1,MHmm1_hi,-124.9248927,50.49240281,1329
259,394,MH,MHmm1,MHmm1_hi,-123.7825184,50.22894887,1336
279,388,MH,MHmm1,MHmm1_hi,-124.5745108,50.64522123,1342
256,389,MH,MHmm1,MHmm1_hi,-124.0884106,50.23909549,1352
264,402,MH,MHmm1,MHmm1_hi,-123.7033016,50.05493145,1360
283,415,MH,MHmm1,MHmm1_hi,-124.6774235,50.53053892,1374
275,373,MH,MHmm1,MHmm1_hi,-124.795771,50.38243641,1383
253,384,MH,MHmm1,MHmm1_hi,-123.6887577,49.77986483,1410
247,372,MH,MHmm1,MHmm1_hi,-123.6722611,50.09918248,1452
254,385,MH,MHmm1,MHmm1_hi,-123.8953314,49.93314835,1454
450,409,MH,MHmm1,MHmm1_hi,-124.484469,50.2813337,1456
246,371,MH,MHmm1,MHmm1_hi,-123.7911394,49.75716589,1457
294,457,MH,MHmm2,MHmm2_lo,-124.0422683,50.51594198,888
296,460,MH,MHmm2,MHmm2_lo,-124.0713292,50.72501519,920
321,440,MH,MHmm2,MHmm2_lo,-125.0570768,50.92034894,958
290,448,MH,MHmm2,MHmm2_lo,-123.8941977,50.69715951,962
291,453,MH,MHmm2,MHmm2_lo,-123.9089193,50.57556217,972
289,434,MH,MHmm2,MHmm2_lo,-124.2860698,50.56963876,1026
292,455,MH,MHmm2,MHmm2_lo,-124.2921041,50.78559872,1043
329,420,MH,MHmm2,MHmm2_lo,-124.7898193,51.06121423,1043
337,425,MH,MHmm2,MHmm2_lo,-125.0414756,51.20630059,1080
316,418,MH,MHmm2,MHmm2_lo,-124.919177,50.85529708,1091
322,443,MH,MHmm2,MHmm2_lo,-125.1756796,51.11622505,1091
335,454,MH,MHmm2,MHmm2_lo,-124.780286,51.14427751,1111
298,465,MH,MHmm2,MHmm2_lo,-124.3275477,50.7098059,1183
327,463,MH,MHmm2,MHmm2_lo,-124.9665132,50.89754734,1183
325,451,MH,MHmm2,MHmm2_lo,-124.8963034,50.90643691,1185
332,438,MH,MHmm2,MHmm2_lo,-124.7992052,50.98698567,1189
320,435,MH,MHmm2,MHmm2_lo,-125.1740542,51.03508638,1204
323,447,MH,MHmm2,MHmm2_lo,-125.2444598,51.20340835,1226
331,433,MH,MHmm2,MHmm2_lo,-124.4254521,51.01755843,1229
303,428,MH,MHmm2,MHmm2_lo,-124.6612759,50.84091613,1238
319,426,MH,MHmm2,MHmm2_lo,-125.0522067,50.82846147,1239
306,439,MH,MHmm2,MHmm2_hi,-124.5563949,50.811475,1250
317,421,MH,MHmm2,MHmm2_hi,-125.0486405,50.78059184,1258
315,442,MH,MHmm2,MHmm2_hi,-124.357224,51.03525623,1261
311,467,MH,MHmm2,MHmm2_hi,-124.8488492,50.80090643,1262
334,449,MH,MHmm2,MHmm2_hi,-124.9859869,51.1172773,1276
333,445,MH,MHmm2,MHmm2_hi,-124.8587954,51.01908624,1277
310,458,MH,MHmm2,MHmm2_hi,-123.9340229,50.81632984,1289
302,419,MH,MHmm2,MHmm2_hi,-124.436706,50.75118512,1307
285,437,MH,MHmm2,MHmm2_hi,-124.7084551,50.73703912,1318
286,423,MH,MHmm2,MHmm2_hi,-124.2440796,50.71668867,1324
307,441,MH,MHmm2,MHmm2_hi,-124.5076176,50.75384373,1330
326,452,MH,MHmm2,MHmm2_hi,-125.0644955,51.10858593,1332
314,424,MH,MHmm2,MHmm2_hi,-124.2793411,51.09967375,1335
274,430,MH,MHmm2,MHmm2_hi,-124.5365533,50.66986145,1341
295,459,MH,MHmm2,MHmm2_hi,-124.2019513,50.76632705,1342
304,429,MH,MHmm2,MHmm2_hi,-124.337581,50.87768003,1360
293,456,MH,MHmm2,MHmm2_hi,-124.2123076,50.54173575,1374
338,461,MH,MHmm2,MHmm2_hi,-125.1050173,51.23935749,1380
330,432,MH,MHmm2,MHmm2_hi,-124.6483603,50.92712417,1406
318,422,MH,MHmm2,MHmm2_hi,-125.0960944,51.02660234,1412
324,450,MH,MHmm2,MHmm2_hi,-125.0456877,50.98276093,1413
336,464,MH,MHmm2,MHmm2_hi,-124.6089376,50.97191174,1441
288,431,MH,MHmm2,MHmm2_hi,-123.7907568,50.5771605,1451
299,466,MH,MHmm2,MHmm2_hi,-124.2279803,50.64712784,1453
297,462,MH,MHmm2,MHmm2_hi,-123.9644068,50.71451907,1482
305,436,MH,MHmm2,MHmm2_hi,-124.1727051,50.90247547,1490
287,427,MH,MHmm2,MHmm2_hi,-123.9537871,50.64323222,1525
308,444,MH,MHmm2,MHmm2_hi,-124.3426842,50.95019369,1534
309,446,MH,MHmm2,MHmm2_hi,-123.8685929,50.78655202,1630
